Energy (meV),DOS,
0,0.003903277,
0.1,3.18E-41,
0.2,3.75E-41,
0.3,4.43E-41,
0.4,5.23E-41,
0.5,6.18E-41,
0.6,7.29E-41,
0.7,8.61E-41,
0.8,1.02E-40,
0.9,1.07E-21,
1,2.18E-07,
1.1,0.012812645,
1.2,2.18E-07,
1.3,1.07E-21,
1.4,2.73E-40,
1.5,4.79E-38,
1.6,5.75E-30,
1.7,5.82E-23,
1.8,4.92E-17,
1.9,3.48E-12,
2,2.06E-08,
2.1,1.02E-05,
2.2,0.000420574,
2.3,0.00145436,
2.4,0.000420574,
2.5,1.02E-05,
2.6,2.06E-08,
2.7,3.48E-12,
2.8,3.04E-12,
2.9,9.12E-10,
3,1.14E-07,
3.1,5.90E-06,
3.2,0.000127312,
3.3,0.001141835,
3.4,0.004258372,
3.5,0.006603746,
3.6,0.004258372,
3.7,0.001141835,
3.8,0.000127313,
3.9,5.92E-06,
4,3.99E-07,
4.1,3.59E-06,
4.2,2.84E-05,
4.3,0.000142392,
4.4,0.00044997,
4.5,0.000897433,
4.6,0.001129643,
4.7,0.000897433,
4.8,0.000449971,
4.9,0.000142405,
5,2.86E-05,
5.1,4.51E-06,
5.2,5.57E-06,
5.3,2.32E-05,
5.4,7.78E-05,
5.5,0.000199486,
5.6,0.00039076,
5.7,0.000584938,
5.8,0.000669131,
5.9,0.000584957,
6,0.000390879,
6.1,0.000200108,
6.2,8.06E-05,
6.3,3.34E-05,
6.4,3.69E-05,
6.5,8.34E-05,
6.6,0.000180993,
6.7,0.000333161,
6.8,0.00051538,
6.9,0.000669662,
7,0.000731029,
7.1,0.000671209,
7.2,0.000521212,
7.3,0.000351677,
7.4,0.000232859,
7.5,0.000211657,
7.6,0.000315903,
7.7,0.000564395,
7.8,0.000959674,
7.9,0.001464028,
8,0.001982374,
8.1,0.002378467,
8.2,0.00252842,
8.3,0.002382657,
8.4,0.001993585,
8.5,0.001488329,
8.6,0.001006308,
8.7,0.000643401,
8.8,0.000431312,
8.9,0.00035048,
9,0.000356278,
9.1,0.000400801,
9.2,0.000444907,
9.3,0.000463421,
9.4,0.00044688,
9.5,0.000400553,
9.6,0.000340331,
9.7,0.000286264,
9.8,0.000255871,
9.9,0.000259387,
10,0.000297851,
10.1,0.000363658,
10.2,0.000442784,
10.3,0.000518082,
10.4,0.000573265,
10.5,0.000596941,
10.6,0.000585637,
10.7,0.000544714,
10.8,0.000486689,
10.9,0.000427485,
11,0.000381932,
11.1,0.000360041,
11.2,0.000365108,
11.3,0.000393904,
11.4,0.000438601,
11.5,0.00048969,
11.6,0.000539089,
11.7,0.000582722,
11.8,0.00062196,
11.9,0.000663537,
12,0.000717881,
12.1,0.000796155,
12.2,0.000906735,
12.3,0.001052007,
12.4,0.001226405,
12.5,0.00141629,
12.6,0.001601852,
12.7,0.001760675,
12.8,0.001872158,
12.9,0.001921713,
13,0.001903705,
13.1,0.001822389,
13.2,0.001690653,
13.3,0.00152699,
13.4,0.001351552,
13.5,0.001182346,
13.6,0.001032473,
13.7,0.000908907,
13.8,0.000812849,
13.9,0.000741229,
14,0.000688753,
14.1,0.000649853,
14.2,0.000620088,
14.3,0.000596783,
14.4,0.000578961,
14.5,0.00056678,
14.6,0.000560776,
14.7,0.000561174,
14.8,0.000567469,
14.9,0.000578341,
15,0.000591879,
15.1,0.000605987,
15.2,0.000618849,
15.3,0.000629294,
15.4,0.000636978,
15.5,0.000642352,
15.6,0.000646436,
15.7,0.000650473,
15.8,0.00065557,
15.9,0.000662401,
16,0.000671051,
16.1,0.000681038,
16.2,0.00069147,
16.3,0.000701317,
16.4,0.000709717,
16.5,0.00071624,
16.6,0.000721061,
16.7,0.000725016,
16.8,0.000729522,
16.9,0.000736405,
17,0.000747662,
17.1,0.000765209,
17.2,0.000790656,
17.3,0.000825132,
17.4,0.000869182,
17.5,0.000922715,
17.6,0.000985018,
17.7,0.001054785,
17.8,0.00113018,
17.9,0.001208905,
18,0.001288282,
18.1,0.001365349,
18.2,0.001436991,
18.3,0.001500086,
18.4,0.001551697,
18.5,0.001589264,
18.6,0.001610807,
18.7,0.001615099,
18.8,0.00160179,
18.9,0.001571464,
19,0.001525607,
19.1,0.001466501,
19.2,0.00139704,
19.3,0.001320503,
19.4,0.0012403,
19.5,0.001159722,
19.6,0.001081732,
19.7,0.0010088,
19.8,0.000942807,
19.9,0.000885011,
20,0.00083607,
20.1,0.000796109,
20.2,0.000764822,
20.3,0.000741581,
20.4,0.000725546,
20.5,0.000715767,
20.6,0.000711264,
20.7,0.000711093,
20.8,0.000714386,
20.9,0.000720384,
21,0.000728443,
21.1,0.000738045,
21.2,0.000748793,
21.3,0.000760403,
21.4,0.000772692,
21.5,0.000785568,
21.6,0.000799016,
21.7,0.00081308,
21.8,0.00082785,
21.9,0.000843447,
22,0.000860014,
22.1,0.000877696,
22.2,0.000896642,
22.3,0.00091699,
22.4,0.000938863,
22.5,0.000962368,
22.6,0.000987586,
22.7,0.00101457,
22.8,0.00104334,
22.9,0.001073871,
23,0.001106091,
23.1,0.001139866,
23.2,0.001174995,
23.3,0.001211205,
23.4,0.001248141,
23.5,0.001285375,
23.6,0.001322401,
23.7,0.001358651,
23.8,0.001393507,
23.9,0.001426318,
24,0.001456427,
24.1,0.001483195,
24.2,0.001506026,
24.3,0.001524399,
24.4,0.001537886,
24.5,0.00154618,
24.6,0.00154911,
24.7,0.00154665,
24.8,0.001538928,
24.9,0.001526219,
25,0.001508938,
25.1,0.001487626,
25.2,0.001462926,
25.3,0.001435561,
25.4,0.001406308,
25.5,0.001375964,
25.6,0.001345324,
25.7,0.001315151,
25.8,0.001286157,
25.9,0.001258981,
26,0.001234178,
26.1,0.001212209,
26.2,0.001193435,
26.3,0.001178124,
26.4,0.001166446,
26.5,0.001158488,
26.6,0.001154262,
26.7,0.001153711,
26.8,0.001156725,
26.9,0.00116315,
27,0.001172797,
27.1,0.001185448,
27.2,0.001200869,
27.3,0.001218808,
27.4,0.001239,
27.5,0.001261174,
27.6,0.001285044,
27.7,0.001310319,
27.8,0.001336697,
27.9,0.001363865,
28,0.001391502,
28.1,0.001419277,
28.2,0.001446852,
28.3,0.001473885,
28.4,0.001500033,
28.5,0.001524958,
28.6,0.001548331,
28.7,0.001569838,
28.8,0.00158919,
28.9,0.001606128,
29,0.001620427,
29.1,0.001631907,
29.2,0.001640435,
29.3,0.001645932,
29.4,0.001648372,
29.5,0.001647788,
29.6,0.001644269,
29.7,0.001637958,
29.8,0.00162905,
29.9,0.001617787,
30,0.001604453,
30.1,0.001589362,
30.2,0.001572856,
30.3,0.001555293,
30.4,0.001537042,
30.5,0.001518468,
30.6,0.00149993,
30.7,0.001481773,
30.8,0.001464319,
30.9,0.001447861,
31,0.001432663,
31.1,0.001418952,
31.2,0.001406921,
31.3,0.001396723,
31.4,0.001388475,
31.5,0.001382258,
31.6,0.001378117,
31.7,0.001376069,
31.8,0.0013761,
31.9,0.001378173,
32,0.001382228,
32.1,0.001388187,
32.2,0.001395959,
32.3,0.00140544,
32.4,0.001416518,
32.5,0.001429075,
32.6,0.001442988,
32.7,0.001458133,
32.8,0.001474383,
32.9,0.001491611,
33,0.001509691,
33.1,0.001528497,
33.2,0.001547903,
33.3,0.001567785,
33.4,0.001588018,
33.5,0.001608479,
33.6,0.001629046,
33.7,0.001649596,
33.8,0.001670008,
33.9,0.001690162,
34,0.001709941,
34.1,0.00172923,
34.2,0.001747918,
34.3,0.001765898,
34.4,0.001783071,
34.5,0.001799345,
34.6,0.001814636,
34.7,0.001828872,
34.8,0.001841992,
34.9,0.001853947,
35,0.001864705,
35.1,0.001874248,
35.2,0.001882573,
35.3,0.001889695,
35.4,0.001895645,
35.5,0.001900471,
35.6,0.001904238,
35.7,0.001907024,
35.8,0.001908924,
35.9,0.001910043,
36,0.001910501,
36.1,0.001910424,
36.2,0.001909947,
36.3,0.001909211,
36.4,0.001908357,
36.5,0.001907529,
36.6,0.001906868,
36.7,0.001906511,
36.8,0.00190659,
36.9,0.001907226,
37,0.001908531,
37.1,0.001910606,
37.2,0.001913537,
37.3,0.001917397,
37.4,0.001922242,
37.5,0.001928115,
37.6,0.001935039,
37.7,0.001943026,
37.8,0.001952067,
37.9,0.001962142,
38,0.001973214,
38.1,0.001985234,
38.2,0.001998142,
38.3,0.002011864,
38.4,0.002026321,
38.5,0.002041423,
38.6,0.002057075,
38.7,0.002073179,
38.8,0.002089633,
38.9,0.002106335,
39,0.002123185,
39.1,0.002140082,
39.2,0.002156931,
39.3,0.002173644,
39.4,0.002190136,
39.5,0.00220633,
39.6,0.002222161,
39.7,0.002237568,
39.8,0.002252504,
39.9,0.002266929,
40,0.002280816,
40.1,0.002294145,
40.2,0.00230691,
40.3,0.002319112,
40.4,0.002330765,
40.5,0.002341887,
40.6,0.00235251,
40.7,0.002362669,
40.8,0.002372409,
40.9,0.002381777,
41,0.00239083,
41.1,0.002399623,
41.2,0.002408218,
41.3,0.002416675,
41.4,0.002425059,
41.5,0.002433429,
41.6,0.002441848,
41.7,0.002450371,
41.8,0.002459054,
41.9,0.002467948,
42,0.002477098,
42.1,0.002486545,
42.2,0.002496324,
42.3,0.002506464,
42.4,0.002516987,
42.5,0.00252791,
42.6,0.002539243,
42.7,0.00255099,
42.8,0.002563147,
42.9,0.002575707,
43,0.002588657,
43.1,0.002601977,
43.2,0.002615645,
43.3,0.002629633,
43.4,0.002643912,
43.5,0.002658448,
43.6,0.002673206,
43.7,0.00268815,
43.8,0.002703242,
43.9,0.002718446,
44,0.002733724,
44.1,0.002749041,
44.2,0.002764363,
44.3,0.002779658,
44.4,0.002794896,
44.5,0.002810051,
44.6,0.002825101,
44.7,0.002840025,
44.8,0.002854809,
44.9,0.00286944,
45,0.00288391,
45.1,0.002898217,
45.2,0.00291236,
45.3,0.002926344,
45.4,0.002940176,
45.5,0.002953868,
45.6,0.002967436,
45.7,0.002980896,
45.8,0.002994269,
45.9,0.003007579,
46,0.00302085,
46.1,0.003034109,
46.2,0.003047384,
46.3,0.003060704,
46.4,0.003074097,
46.5,0.003087594,
46.6,0.003101224,
46.7,0.003115014,
46.8,0.003128994,
46.9,0.003143188,
47,0.003157623,
47.1,0.003172321,
47.2,0.003187305,
47.3,0.003202592,
47.4,0.003218201,
47.5,0.003234145,
47.6,0.003250438,
47.7,0.003267089,
47.8,0.003284105,
47.9,0.003301492,
48,0.003319252,
48.1,0.003337386,
48.2,0.003355891,
48.3,0.003374765,
48.4,0.003394001,
48.5,0.003413591,
48.6,0.003433528,
48.7,0.0034538,
48.8,0.003474397,
48.9,0.003495305,
49,0.003516512,
49.1,0.003538004,
49.2,0.003559767,
49.3,0.003581787,
49.4,0.003604049,
49.5,0.003626539,
49.6,0.003649244,
49.7,0.00367215,
49.8,0.003695245,
49.9,0.003718516,
50,0.003741952,
50.1,0.003765543,
50.2,0.003789279,
50.3,0.003813151,
50.4,0.003837154,
50.5,0.003861279,
50.6,0.003885521,
50.7,0.003909877,
50.8,0.003934343,
50.9,0.003958917,
51,0.003983597,
51.1,0.004008384,
51.2,0.004033277,
51.3,0.004058278,
51.4,0.004083389,
51.5,0.004108613,
51.6,0.004133953,
51.7,0.004159414,
51.8,0.004185,
51.9,0.004210717,
52,0.004236569,
52.1,0.004262563,
52.2,0.004288704,
52.3,0.004315,
52.4,0.004341456,
52.5,0.00436808,
52.6,0.004394878,
52.7,0.004421857,
52.8,0.004449024,
52.9,0.004476387,
53,0.004503952,
53.1,0.004531727,
53.2,0.004559719,
53.3,0.004587935,
53.4,0.004616381,
53.5,0.004645066,
53.6,0.004673996,
53.7,0.004703179,
53.8,0.004732621,
53.9,0.00476233,
54,0.004792313,
54.1,0.004822578,
54.2,0.004853131,
54.3,0.00488398,
54.4,0.004915133,
54.5,0.004946597,
54.6,0.00497838,
54.7,0.00501049,
54.8,0.005042936,
54.9,0.005075724,
55,0.005108864,
55.1,0.005142364,
55.2,0.005176233,
55.3,0.00521048,
55.4,0.005245114,
55.5,0.005280144,
55.6,0.00531558,
55.7,0.005351433,
55.8,0.005387711,
55.9,0.005424426,
56,0.005461587,
56.1,0.005499207,
56.2,0.005537295,
56.3,0.005575864,
56.4,0.005614925,
56.5,0.00565449,
56.6,0.005694572,
56.7,0.005735182,
56.8,0.005776335,
56.9,0.005818042,
57,0.005860318,
57.1,0.005903176,
57.2,0.00594663,
57.3,0.005990696,
57.4,0.006035387,
57.5,0.00608072,
57.6,0.006126709,
57.7,0.006173371,
57.8,0.006220722,
57.9,0.006268779,
58,0.006317558,
58.1,0.006367079,
58.2,0.006417358,
58.3,0.006468414,
58.4,0.006520266,
58.5,0.006572934,
58.6,0.006626437,
58.7,0.006680795,
58.8,0.006736031,
58.9,0.006792164,
59,0.006849217,
59.1,0.006907212,
59.2,0.006966172,
59.3,0.00702612,
59.4,0.007087081,
59.5,0.007149079,
59.6,0.007212139,
59.7,0.007276286,
59.8,0.007341547,
59.9,0.007407949,
60,0.007475518,
60.1,0.007544283,
60.2,0.007614271,
60.3,0.007685512,
60.4,0.007758035,
60.5,0.00783187,
60.6,0.007907047,
60.7,0.007983597,
60.8,0.008061553,
60.9,0.008140945,
61,0.008221806,
61.1,0.008304168,
61.2,0.008388066,
61.3,0.008473533,
61.4,0.008560602,
61.5,0.008649309,
61.6,0.008739687,
61.7,0.008831772,
61.8,0.0089256,
61.9,0.009021205,
62,0.009118624,
62.1,0.009217892,
62.2,0.009319045,
62.3,0.00942212,
62.4,0.009527153,
62.5,0.00963418,
62.6,0.009743237,
62.7,0.00985436,
62.8,0.009967585,
62.9,0.010082948,
63,0.010200484,
63.1,0.010320228,
63.2,0.010442216,
63.3,0.010566481,
63.4,0.010693057,
63.5,0.010821978,
63.6,0.010953277,
63.7,0.011086986,
63.8,0.011223135,
63.9,0.011361756,
64,0.011502877,
64.1,0.011646529,
64.2,0.011792738,
64.3,0.01194153,
64.4,0.012092933,
64.5,0.012246968,
64.6,0.01240366,
64.7,0.012563029,
64.8,0.012725097,
64.9,0.01288988,
65,0.013057395,
65.1,0.013227658,
65.2,0.013400682,
65.3,0.013576478,
65.4,0.013755055,
65.5,0.01393642,
65.6,0.014120579,
65.7,0.014307535,
65.8,0.014497287,
65.9,0.014689834,
66,0.014885172,
66.1,0.015083294,
66.2,0.01528419,
66.3,0.015487847,
66.4,0.015694252,
66.5,0.015903385,
66.6,0.016115225,
66.7,0.01632975,
66.8,0.01654693,
66.9,0.016766737,
67,0.016989135,
67.1,0.017214089,
67.2,0.017441558,
67.3,0.017671497,
67.4,0.017903859,
67.5,0.018138592,
67.6,0.018375643,
67.7,0.018614952,
67.8,0.018856456,
67.9,0.01910009,
68,0.019345782,
68.1,0.019593459,
68.2,0.019843043,
68.3,0.020094451,
68.4,0.020347597,
68.5,0.020602391,
68.6,0.020858737,
68.7,0.021116538,
68.8,0.02137569,
68.9,0.021636087,
69,0.021897618,
69.1,0.022160167,
69.2,0.022423615,
69.3,0.022687839,
69.4,0.022952711,
69.5,0.023218101,
69.6,0.023483871,
69.7,0.023749884,
69.8,0.024015995,
69.9,0.024282059,
70,0.024547923,
70.1,0.024813434,
70.2,0.025078434,
70.3,0.025342762,
70.4,0.025606252,
70.5,0.025868737,
70.6,0.026130046,
70.7,0.026390005,
70.8,0.026648436,
70.9,0.026905161,
71,0.027159998,
71.1,0.027412762,
71.2,0.027663266,
71.3,0.027911323,
71.4,0.028156743,
71.5,0.028399332,
71.6,0.028638899,
71.7,0.028875249,
71.8,0.029108187,
71.9,0.029337517,
72,0.029563043,
72.1,0.029784567,
72.2,0.030001895,
72.3,0.030214829,
72.4,0.030423174,
72.5,0.030626735,
72.6,0.030825319,
72.7,0.031018734,
72.8,0.031206788,
72.9,0.031389294,
73,0.031566065,
73.1,0.031736918,
73.2,0.031901671,
73.3,0.032060147,
73.4,0.032212171,
73.5,0.032357573,
73.6,0.032496186,
73.7,0.032627847,
73.8,0.0327524,
73.9,0.032869691,
74,0.032979572,
74.1,0.033081902,
74.2,0.033176542,
74.3,0.033263364,
74.4,0.033342242,
74.5,0.033413058,
74.6,0.033475701,
74.7,0.033530068,
74.8,0.03357606,
74.9,0.033613589,
75,0.033642572,
75.1,0.033662935,
75.2,0.033674612,
75.3,0.033677545,
75.4,0.033671684,
75.5,0.033656989,
75.6,0.033633426,
75.7,0.033600972,
75.8,0.033559613,
75.9,0.033509341,
76,0.033450161,
76.1,0.033382084,
76.2,0.033305132,
76.3,0.033219336,
76.4,0.033124735,
76.5,0.033021379,
76.6,0.032909325,
76.7,0.032788641,
76.8,0.032659403,
76.9,0.032521696,
77,0.032375616,
77.1,0.032221265,
77.2,0.032058755,
77.3,0.031888207,
77.4,0.03170975,
77.5,0.031523521,
77.6,0.031329666,
77.7,0.031128338,
77.8,0.030919697,
77.9,0.030703913,
78,0.030481162,
78.1,0.030251626,
78.2,0.030015494,
78.3,0.029772963,
78.4,0.029524235,
78.5,0.029269517,
78.6,0.029009024,
78.7,0.028742974,
78.8,0.028471591,
78.9,0.028195104,
79,0.027913745,
79.1,0.02762775,
79.2,0.027337361,
79.3,0.027042819,
79.4,0.026744372,
79.5,0.026442267,
79.6,0.026136757,
79.7,0.025828093,
79.8,0.025516528,
79.9,0.025202319,
80,0.024885721,
80.1,0.024566989,
80.2,0.024246379,
80.3,0.023924146,
80.4,0.023600546,
80.5,0.02327583,
80.6,0.022950252,
80.7,0.022624061,
80.8,0.022297505,
80.9,0.021970829,
81,0.021644275,
81.1,0.021318084,
81.2,0.020992491,
81.3,0.020667729,
81.4,0.020344026,
81.5,0.020021605,
81.6,0.019700688,
81.7,0.019381487,
81.8,0.019064215,
81.9,0.018749074,
82,0.018436265,
82.1,0.018125981,
82.2,0.017818411,
82.3,0.017513736,
82.4,0.017212133,
82.5,0.016913772,
82.6,0.016618815,
82.7,0.016327421,
82.8,0.01603974,
82.9,0.015755915,
83,0.015476085,
83.1,0.015200379,
83.2,0.014928921,
83.3,0.01466183,
83.4,0.014399214,
83.5,0.014141177,
83.6,0.013887816,
83.7,0.013639221,
83.8,0.013395475,
83.9,0.013156653,
84,0.012922827,
84.1,0.012694059,
84.2,0.012470405,
84.3,0.012251916,
84.4,0.012038637,
84.5,0.011830604,
84.6,0.011627849,
84.7,0.011430399,
84.8,0.011238273,
84.9,0.011051484,
85,0.010870043,
85.1,0.010693951,
85.2,0.010523207,
85.3,0.010357804,
85.4,0.01019773,
85.5,0.010042967,
85.6,0.009893494,
85.7,0.009749286,
85.8,0.009610312,
85.9,0.009476538,
86,0.009347926,
86.1,0.009224434,
86.2,0.009106016,
86.3,0.008992625,
86.4,0.008884208,
86.5,0.00878071,
86.6,0.008682074,
86.7,0.008588239,
86.8,0.008499142,
86.9,0.008414719,
87,0.008334903,
87.1,0.008259623,
87.2,0.00818881,
87.3,0.008122391,
87.4,0.008060291,
87.5,0.008002436,
87.6,0.007948749,
87.7,0.007899152,
87.8,0.007853568,
87.9,0.007811917,
88,0.007774119,
88.1,0.007740094,
88.2,0.007709762,
88.3,0.007683042,
88.4,0.007659853,
88.5,0.007640115,
88.6,0.007623746,
88.7,0.007610665,
88.8,0.007600793,
88.9,0.00759405,
89,0.007590356,
89.1,0.007589631,
89.2,0.007591798,
89.3,0.00759678,
89.4,0.007604498,
89.5,0.007614876,
89.6,0.007627841,
89.7,0.007643316,
89.8,0.007661228,
89.9,0.007681505,
90,0.007704076,
90.1,0.007728869,
90.2,0.007755815,
90.3,0.007784846,
90.4,0.007815895,
90.5,0.007848896,
90.6,0.007883783,
90.7,0.007920493,
90.8,0.007958964,
90.9,0.007999133,
91,0.00804094,
91.1,0.008084327,
91.2,0.008129234,
91.3,0.008175607,
91.4,0.008223387,
91.5,0.008272522,
91.6,0.008322958,
91.7,0.008374642,
91.8,0.008427523,
91.9,0.008481551,
92,0.008536677,
92.1,0.008592853,
92.2,0.008650031,
92.3,0.008708165,
92.4,0.008767211,
92.5,0.008827124,
92.6,0.008887861,
92.7,0.008949379,
92.8,0.009011638,
92.9,0.009074595,
93,0.009138213,
93.1,0.00920245,
93.2,0.00926727,
93.3,0.009332633,
93.4,0.009398505,
93.5,0.009464848,
93.6,0.009531627,
93.7,0.009598806,
93.8,0.009666352,
93.9,0.009734232,
94,0.00980241,
94.1,0.009870856,
94.2,0.009939537,
94.3,0.010008421,
94.4,0.010077478,
94.5,0.010146675,
94.6,0.010215984,
94.7,0.010285374,
94.8,0.010354815,
94.9,0.010424279,
95,0.010493737,
95.1,0.010563159,
95.2,0.010632519,
95.3,0.010701787,
95.4,0.010770937,
95.5,0.010839942,
95.6,0.010908773,
95.7,0.010977404,
95.8,0.011045809,
95.9,0.011113961,
96,0.011181833,
96.1,0.011249401,
96.2,0.011316639,
96.3,0.01138352,
96.4,0.011450019,
96.5,0.011516111,
96.6,0.011581771,
96.7,0.011646974,
96.8,0.011711696,
96.9,0.011775911,
97,0.011839596,
97.1,0.011902726,
97.2,0.011965276,
97.3,0.012027224,
97.4,0.012088545,
97.5,0.012149216,
97.6,0.012209213,
97.7,0.012268512,
97.8,0.012327092,
97.9,0.012384928,
98,0.012441997,
98.1,0.012498278,
98.2,0.012553748,
98.3,0.012608384,
98.4,0.012662164,
98.5,0.012715067,
98.6,0.01276707,
98.7,0.012818153,
98.8,0.012868293,
98.9,0.01291747,
99,0.012965663,
99.1,0.013012852,
99.2,0.013059015,
99.3,0.013104133,
99.4,0.013148187,
99.5,0.013191155,
99.6,0.01323302,
99.7,0.013273761,
99.8,0.013313361,
99.9,0.013351801,
100,0.013389062,
100.1,0.013425127,
100.2,0.013459979,
100.3,0.0134936,
100.4,0.013525973,
100.5,0.013557083,
100.6,0.013586912,
100.7,0.013615446,
100.8,0.013642669,
100.9,0.013668566,
101,0.013693123,
101.1,0.013716325,
101.2,0.013738159,
101.3,0.013758612,
101.4,0.013777671,
101.5,0.013795323,
101.6,0.013811557,
101.7,0.013826361,
101.8,0.013839725,
101.9,0.013851638,
102,0.013862089,
102.1,0.01387107,
102.2,0.013878572,
102.3,0.013884586,
102.4,0.013889104,
102.5,0.013892119,
102.6,0.013893624,
102.7,0.013893613,
102.8,0.013892079,
102.9,0.013889018,
103,0.013884426,
103.1,0.013878297,
103.2,0.013870629,
103.3,0.013861418,
103.4,0.013850662,
103.5,0.013838359,
103.6,0.013824509,
103.7,0.013809109,
103.8,0.013792162,
103.9,0.013773666,
104,0.013753623,
104.1,0.013732034,
104.2,0.013708903,
104.3,0.013684232,
104.4,0.013658024,
104.5,0.013630284,
104.6,0.013601016,
104.7,0.013570225,
104.8,0.013537918,
104.9,0.013504101,
105,0.01346878,
105.1,0.013431964,
105.2,0.013393661,
105.3,0.01335388,
105.4,0.013312629,
105.5,0.01326992,
105.6,0.013225762,
105.7,0.013180166,
105.8,0.013133145,
105.9,0.01308471,
106,0.013034875,
106.1,0.012983651,
106.2,0.012931054,
106.3,0.012877098,
106.4,0.012821797,
106.5,0.012765168,
106.6,0.012707224,
106.7,0.012647985,
106.8,0.012587465,
106.9,0.012525683,
107,0.012462656,
107.1,0.012398402,
107.2,0.012332941,
107.3,0.012266291,
107.4,0.012198472,
107.5,0.012129505,
107.6,0.012059408,
107.7,0.011988204,
107.8,0.011915914,
107.9,0.011842559,
108,0.01176816,
108.1,0.011692741,
108.2,0.011616324,
108.3,0.011538932,
108.4,0.011460588,
108.5,0.011381315,
108.6,0.011301138,
108.7,0.01122008,
108.8,0.011138166,
108.9,0.01105542,
109,0.010971868,
109.1,0.010887534,
109.2,0.010802443,
109.3,0.010716621,
109.4,0.010630093,
109.5,0.010542886,
109.6,0.010455024,
109.7,0.010366534,
109.8,0.010277442,
109.9,0.010187775,
110,0.010097557,
110.1,0.010006817,
110.2,0.009915579,
110.3,0.009823871,
110.4,0.00973172,
110.5,0.00963915,
110.6,0.00954619,
110.7,0.009452864,
110.8,0.009359201,
110.9,0.009265225,
111,0.009170964,
111.1,0.009076443,
111.2,0.008981689,
111.3,0.008886728,
111.4,0.008791585,
111.5,0.008696287,
111.6,0.008600858,
111.7,0.008505325,
111.8,0.008409712,
111.9,0.008314045,
112,0.008218349,
112.1,0.008122648,
112.2,0.008026968,
112.3,0.007931331,
112.4,0.007835763,
112.5,0.007740286,
112.6,0.007644925,
112.7,0.007549703,
112.8,0.007454643,
112.9,0.007359767,
113,0.007265097,
113.1,0.007170657,
113.2,0.007076467,
113.3,0.006982549,
113.4,0.006888923,
113.5,0.006795612,
113.6,0.006702635,
113.7,0.006610011,
113.8,0.006517762,
113.9,0.006425905,
114,0.006334461,
114.1,0.006243446,
114.2,0.00615288,
114.3,0.006062781,
114.4,0.005973165,
114.5,0.005884049,
114.6,0.00579545,
114.7,0.005707384,
114.8,0.005619867,
114.9,0.005532913,
115,0.005446538,
115.1,0.005360756,
115.2,0.005275581,
115.3,0.005191026,
115.4,0.005107105,
115.5,0.00502383,
115.6,0.004941213,
115.7,0.004859266,
115.8,0.004778001,
115.9,0.004697427,
116,0.004617557,
116.1,0.004538399,
116.2,0.004459963,
116.3,0.004382259,
116.4,0.004305295,
116.5,0.004229079,
116.6,0.004153619,
116.7,0.004078923,
116.8,0.004004997,
116.9,0.003931848,
117,0.003859483,
117.1,0.003787906,
117.2,0.003717124,
117.3,0.00364714,
117.4,0.003577961,
117.5,0.003509588,
117.6,0.003442027,
117.7,0.003375281,
117.8,0.003309352,
117.9,0.003244244,
118,0.003179957,
118.1,0.003116494,
118.2,0.003053857,
118.3,0.002992046,
118.4,0.002931062,
118.5,0.002870905,
118.6,0.002811576,
118.7,0.002753074,
118.8,0.002695398,
118.9,0.002638548,
119,0.002582522,
119.1,0.002527318,
119.2,0.002472934,
119.3,0.002419369,
119.4,0.00236662,
119.5,0.002314684,
119.6,0.002263558,
119.7,0.002213238,
119.8,0.002163721,
119.9,0.002115003,
120,0.002067081,
120.1,0.002019949,
120.2,0.001973603,
120.3,0.001928039,
120.4,0.001883251,
120.5,0.001839234,
120.6,0.001795983,
120.7,0.001753492,
120.8,0.001711756,
120.9,0.001670767,
121,0.001630521,
121.1,0.001591011,
121.2,0.00155223,
121.3,0.001514172,
121.4,0.001476829,
121.5,0.001440196,
121.6,0.001404265,
121.7,0.001369029,
121.8,0.00133448,
121.9,0.001300612,
122,0.001267416,
122.1,0.001234886,
122.2,0.001203013,
122.3,0.00117179,
122.4,0.001141208,
122.5,0.001111261,
122.6,0.001081939,
122.7,0.001053236,
122.8,0.001025142,
122.9,0.000997651,
123,0.000970752,
123.1,0.00094444,
123.2,0.000918704,
123.3,0.000893537,
123.4,0.000868931,
123.5,0.000844878,
123.6,0.000821368,
123.7,0.000798394,
123.8,0.000775948,
123.9,0.00075402,
124,0.000732604,
124.1,0.00071169,
124.2,0.00069127,
124.3,0.000671337,
124.4,0.000651881,
124.5,0.000632896,
124.6,0.000614371,
124.7,0.0005963,
124.8,0.000578675,
124.9,0.000561487,
125,0.000544728,
125.1,0.000528391,
125.2,0.000512468,
125.3,0.00049695,
125.4,0.00048183,
125.5,0.000467101,
125.6,0.000452754,
125.7,0.000438783,
125.8,0.000425179,
125.9,0.000411935,
126,0.000399045,
126.1,0.0003865,
126.2,0.000374294,
126.3,0.000362418,
126.4,0.000350868,
126.5,0.000339634,
126.6,0.000328711,
126.7,0.000318092,
126.8,0.00030777,
126.9,0.000297738,
127,0.00028799,
127.1,0.00027852,
127.2,0.000269321,
127.3,0.000260386,
127.4,0.00025171,
127.5,0.000243287,
127.6,0.000235111,
127.7,0.000227175,
127.8,0.000219474,
127.9,0.000212003,
128,0.000204755,
128.1,0.000197725,
128.2,0.000190908,
128.3,0.000184298,
128.4,0.000177891,
128.5,0.00017168,
128.6,0.000165662,
128.7,0.00015983,
128.8,0.000154181,
128.9,0.000148709,
129,0.000143409,
129.1,0.000138278,
129.2,0.00013331,
129.3,0.000128502,
129.4,0.000123848,
129.5,0.000119345,
129.6,0.000114988,
129.7,0.000110774,
129.8,0.000106698,
129.9,0.000102756,
130,9.89E-05,
130.1,9.53E-05,
130.2,9.17E-05,
130.3,8.83E-05,
130.4,8.49E-05,
130.5,8.17E-05,
130.6,7.86E-05,
130.7,7.56E-05,
130.8,7.27E-05,
130.9,6.99E-05,
131,6.72E-05,
131.1,6.46E-05,
131.2,6.21E-05,
131.3,5.97E-05,
131.4,5.74E-05,
131.5,5.51E-05,
131.6,5.30E-05,
131.7,5.09E-05,
131.8,4.88E-05,
131.9,4.69E-05,
132,4.50E-05,
132.1,4.32E-05,
132.2,4.15E-05,
132.3,3.98E-05,
132.4,3.82E-05,
132.5,3.66E-05,
132.6,3.51E-05,
132.7,3.37E-05,
132.8,3.23E-05,
132.9,3.10E-05,
133,2.97E-05,
133.1,2.85E-05,
133.2,2.73E-05,
133.3,2.61E-05,
133.4,2.50E-05,
133.5,2.40E-05,
133.6,2.30E-05,
133.7,2.20E-05,
133.8,2.11E-05,
133.9,2.02E-05,
134,1.93E-05,
134.1,1.85E-05,
134.2,1.77E-05,
134.3,1.69E-05,
134.4,1.62E-05,
134.5,1.55E-05,
134.6,1.48E-05,
134.7,1.41E-05,
134.8,1.35E-05,
134.9,1.29E-05,
135,1.23E-05,
135.1,1.18E-05,
135.2,1.13E-05,
135.3,1.08E-05,
135.4,1.03E-05,
135.5,9.82E-06,
135.6,9.37E-06,
135.7,8.95E-06,
135.8,8.54E-06,
135.9,8.15E-06,
136,7.78E-06,
136.1,7.42E-06,
136.2,7.08E-06,
136.3,6.75E-06,
136.4,6.44E-06,
136.5,6.14E-06,
136.6,5.85E-06,
136.7,5.58E-06,
136.8,5.32E-06,
136.9,5.07E-06,
137,4.83E-06,
137.1,4.60E-06,
137.2,4.38E-06,
137.3,4.17E-06,
137.4,3.97E-06,
137.5,3.78E-06,
137.6,3.60E-06,
137.7,3.43E-06,
137.8,3.26E-06,
137.9,3.10E-06,
138,2.95E-06,
138.1,2.81E-06,
138.2,2.67E-06,
138.3,2.54E-06,
138.4,2.42E-06,
138.5,2.30E-06,
138.6,2.18E-06,
138.7,2.07E-06,
138.8,1.97E-06,
138.9,1.87E-06,
139,1.78E-06,
139.1,1.69E-06,
139.2,1.60E-06,
139.3,1.52E-06,
139.4,1.45E-06,
139.5,1.37E-06,
139.6,1.30E-06,
139.7,1.24E-06,
139.8,1.17E-06,
139.9,1.11E-06,
140,1.06E-06,
140.1,1.00E-06,
140.2,9.49E-07,
140.3,8.99E-07,
140.4,8.53E-07,
140.5,8.08E-07,
140.6,7.66E-07,
140.7,7.25E-07,
140.8,6.87E-07,
140.9,6.51E-07,
141,6.16E-07,
141.1,5.84E-07,
141.2,5.53E-07,
141.3,5.23E-07,
141.4,4.95E-07,
141.5,4.69E-07,
141.6,4.43E-07,
141.7,4.19E-07,
141.8,3.97E-07,
141.9,3.75E-07,
142,3.55E-07,
142.1,3.35E-07,
142.2,3.17E-07,
142.3,3.00E-07,
142.4,2.83E-07,
142.5,2.68E-07,
142.6,2.53E-07,
142.7,2.39E-07,
142.8,2.26E-07,
142.9,2.13E-07,
143,2.01E-07,
143.1,1.90E-07,
143.2,1.79E-07,
143.3,1.69E-07,
143.4,1.60E-07,
143.5,1.51E-07,
143.6,1.42E-07,
143.7,1.34E-07,
143.8,1.26E-07,
143.9,1.19E-07,
144,1.12E-07,
144.1,1.06E-07,
144.2,9.98E-08,
144.3,9.40E-08,
144.4,8.86E-08,
144.5,8.35E-08,
144.6,7.86E-08,
144.7,7.40E-08,
144.8,6.97E-08,
144.9,6.56E-08,
145,6.18E-08,
145.1,5.81E-08,
145.2,5.47E-08,
145.3,5.15E-08,
145.4,4.84E-08,
145.5,4.56E-08,
145.6,4.28E-08,
145.7,4.03E-08,
145.8,3.79E-08,
145.9,3.56E-08,
146,3.35E-08,
146.1,3.14E-08,
146.2,2.95E-08,
146.3,2.78E-08,
146.4,2.61E-08,
146.5,2.45E-08,
146.6,2.30E-08,
146.7,2.16E-08,
146.8,2.03E-08,
146.9,1.90E-08,
147,1.79E-08,
147.1,1.68E-08,
147.2,1.57E-08,
147.3,1.47E-08,
147.4,1.38E-08,
147.5,1.30E-08,
147.6,1.22E-08,
147.7,1.14E-08,
147.8,1.07E-08,
147.9,1.00E-08,
148,9.38E-09,
148.1,8.79E-09,
148.2,8.24E-09,
148.3,7.71E-09,
148.4,7.22E-09,
148.5,6.76E-09,
148.6,6.33E-09,
148.7,5.93E-09,
148.8,5.55E-09,
148.9,5.19E-09,
149,4.86E-09,
149.1,4.54E-09,
149.2,4.25E-09,
149.3,3.98E-09,
149.4,3.72E-09,
149.5,3.48E-09,
149.6,3.25E-09,
149.7,3.04E-09,
149.8,2.84E-09,
149.9,2.65E-09,
150,2.48E-09,
150.1,2.31E-09,
150.2,2.16E-09,
150.3,2.02E-09,
150.4,1.88E-09,
150.5,1.76E-09,
150.6,1.64E-09,
150.7,1.53E-09,
150.8,1.43E-09,
150.9,1.33E-09,
151,1.24E-09,
151.1,1.16E-09,
151.2,1.08E-09,
151.3,1.01E-09,
151.4,9.40E-10,
151.5,8.76E-10,
151.6,8.17E-10,
151.7,7.61E-10,
151.8,7.09E-10,
151.9,6.61E-10,
152,6.15E-10,
152.1,5.73E-10,
152.2,5.34E-10,
152.3,4.97E-10,
152.4,4.62E-10,
152.5,4.30E-10,
152.6,4.00E-10,
152.7,3.73E-10,
152.8,3.47E-10,
152.9,3.22E-10,
153,3.00E-10,
153.1,2.79E-10,
153.2,2.59E-10,
153.3,2.41E-10,
153.4,2.24E-10,
153.5,2.08E-10,
153.6,1.93E-10,
153.7,1.80E-10,
153.8,1.67E-10,
153.9,1.55E-10,
154,1.44E-10,
154.1,1.34E-10,
154.2,1.24E-10,
154.3,1.15E-10,
154.4,1.07E-10,
154.5,9.91E-11,
154.6,9.19E-11,
154.7,8.53E-11,
154.8,7.91E-11,
154.9,7.33E-11,
155,6.80E-11,
155.1,6.30E-11,
155.2,5.84E-11,
155.3,5.42E-11,
155.4,5.02E-11,
155.5,4.65E-11,
155.6,4.31E-11,
155.7,3.99E-11,
155.8,3.69E-11,
155.9,3.42E-11,
156,3.17E-11,
156.1,2.93E-11,
156.2,2.71E-11,
156.3,2.51E-11,
156.4,2.32E-11,
156.5,2.15E-11,
156.6,1.99E-11,
156.7,1.84E-11,
156.8,1.70E-11,
156.9,1.57E-11,
157,1.45E-11,
157.1,1.34E-11,
157.2,1.24E-11,
157.3,1.15E-11,
157.4,1.06E-11,
157.5,9.78E-12,
157.6,9.03E-12,
157.7,8.34E-12,
157.8,7.70E-12,
157.9,7.11E-12,
158,6.56E-12,
158.1,6.05E-12,
158.2,5.58E-12,
158.3,5.15E-12,
158.4,4.75E-12,
158.5,4.38E-12,
158.6,4.04E-12,
158.7,3.73E-12,
158.8,3.43E-12,
158.9,3.17E-12,
159,2.92E-12,
159.1,2.69E-12,
159.2,2.48E-12,
159.3,2.28E-12,
159.4,2.10E-12,
159.5,1.94E-12,
159.6,1.78E-12,
159.7,1.64E-12,
159.8,1.51E-12,
159.9,1.39E-12,
160,1.28E-12,
160.1,1.18E-12,
160.2,1.08E-12,
160.3,9.95E-13,
160.4,9.15E-13,
160.5,8.42E-13,
160.6,7.74E-13,
160.7,7.11E-13,
160.8,6.54E-13,
160.9,6.01E-13,
161,5.52E-13,
161.1,5.07E-13,
161.2,4.66E-13,
161.3,4.28E-13,
161.4,3.93E-13,
161.5,3.60E-13,
161.6,3.31E-13,
161.7,3.04E-13,
161.8,2.79E-13,
161.9,2.56E-13,
162,2.35E-13,
162.1,2.15E-13,
162.2,1.97E-13,
162.3,1.81E-13,
162.4,1.66E-13,
162.5,1.52E-13,
162.6,1.39E-13,
162.7,1.28E-13,
162.8,1.17E-13,
162.9,1.07E-13,
163,9.82E-14,
163.1,9.00E-14,
163.2,8.24E-14,
163.3,7.54E-14,
163.4,6.91E-14,
163.5,6.32E-14,
163.6,5.78E-14,
163.7,5.29E-14,
163.8,4.84E-14,
163.9,4.43E-14,
164,4.05E-14,
164.1,3.71E-14,
164.2,3.39E-14,
164.3,3.10E-14,
164.4,2.83E-14,
164.5,2.59E-14,
164.6,2.36E-14,
164.7,2.16E-14,
164.8,1.97E-14,
164.9,1.80E-14,
165,1.65E-14,
165.1,1.50E-14,
165.2,1.37E-14,
165.3,1.25E-14,
165.4,1.14E-14,
165.5,1.04E-14,
165.6,9.52E-15,
165.7,8.68E-15,
165.8,7.92E-15,
165.9,7.22E-15,
166,6.59E-15,
166.1,6.00E-15,
166.2,5.47E-15,
166.3,4.99E-15,
166.4,4.55E-15,
166.5,4.14E-15,
166.6,3.77E-15,
166.7,3.44E-15,
166.8,3.13E-15,
166.9,2.85E-15,
167,2.60E-15,
167.1,2.36E-15,
167.2,2.15E-15,
167.3,1.96E-15,
167.4,1.78E-15,
167.5,1.62E-15,
167.6,1.47E-15,
167.7,1.34E-15,
167.8,1.22E-15,
167.9,1.11E-15,
168,1.01E-15,
168.1,9.16E-16,
168.2,8.32E-16,
168.3,7.56E-16,
168.4,6.87E-16,
168.5,6.24E-16,
168.6,5.67E-16,
168.7,5.15E-16,
168.8,4.67E-16,
168.9,4.24E-16,
169,3.85E-16,
169.1,3.50E-16,
169.2,3.17E-16,
169.3,2.88E-16,
169.4,2.61E-16,
169.5,2.37E-16,
169.6,2.15E-16,
169.7,1.95E-16,
169.8,1.77E-16,
169.9,1.60E-16,
170,1.45E-16,
170.1,1.31E-16,
170.2,1.19E-16,
170.3,1.08E-16,
170.4,9.77E-17,
170.5,8.85E-17,
170.6,8.01E-17,
170.7,7.26E-17,
170.8,6.57E-17,
170.9,5.94E-17,
171,5.38E-17,
171.1,4.87E-17,
171.2,4.40E-17,
171.3,3.98E-17,
171.4,3.60E-17,
171.5,3.26E-17,
171.6,2.95E-17,
171.7,2.66E-17,
171.8,2.41E-17,
171.9,2.18E-17,
172,1.97E-17,
172.1,1.78E-17,
172.2,1.60E-17,
172.3,1.45E-17,
172.4,1.31E-17,
172.5,1.18E-17,
172.6,1.07E-17,
172.7,9.62E-18,
172.8,8.69E-18,
172.9,7.84E-18,
173,7.07E-18,
173.1,6.38E-18,
173.2,5.75E-18,
173.3,5.19E-18,
173.4,4.68E-18,
173.5,4.22E-18,
173.6,3.80E-18,
173.7,3.43E-18,
173.8,3.09E-18,
173.9,2.78E-18,
174,2.51E-18,
174.1,2.26E-18,
174.2,2.03E-18,
174.3,1.83E-18,
174.4,1.65E-18,
174.5,1.48E-18,
174.6,1.34E-18,
174.7,1.20E-18,
174.8,1.08E-18,
174.9,9.72E-19,
175,8.75E-19,
